adm2,earliest_sequence,earliest_epi_week
ABERDEEN,2020-12-11,50
ABERDEENSHIRE,2020-12-07,50
DUNDEE,2020-12-29,53
ANGUS,2020-12-17,51
ANTRIM,2020-12-28,53
ARGYLL_AND_BUTE,2020-11-27,48
ARMAGH,2020-12-21,52
LANCASHIRE,2020-11-14,46
BLAENAU_GWENT,2020-12-11,50
BERKSHIRE,2020-11-13,46
BRIDGEND,2020-11-05,45
SUSSEX,2020-10-29,44
BRISTOL,2020-11-12,46
BUCKINGHAMSHIRE,2020-11-05,45
CAERPHILLY,2020-12-10,50
CAMBRIDGESHIRE,2020-11-02,45
CARDIFF,2020-12-01,49
CARMARTHENSHIRE,2020-12-14,51
BEDFORDSHIRE,2020-11-12,46
CEREDIGION,2021-01-07,54
CHESHIRE,2020-11-08,46
EDINBURGH,2020-12-14,51
CLACKMANNANSHIRE,2021-01-05,54
CLWYD,2020-11-20,47
CORNWALL_AND_ISLES_OF_SCILLY,2020-12-08,50
DURHAM,2020-10-30,44
CUMBRIA,2020-11-02,45
DERBYSHIRE,2020-11-18,47
TYRONE,2021-01-01,53
DEVON,2020-11-18,47
DORSET,2020-12-04,49
DUMFRIES_AND_GALLOWAY,2020-12-16,51
EAST_AYRSHIRE,2020-12-17,51
EAST_DUNBARTONSHIRE,2020-11-26,48
EAST_LOTHIAN,2021-01-06,54
EAST_RENFREWSHIRE,2020-11-18,47
EAST_RIDING_OF_YORKSHIRE,2020-11-14,46
ESSEX,2020-10-21,43
FALKIRK,2020-11-30,49
FIFE,2020-12-16,51
GLASGOW,2020-11-04,45
GLOUCESTERSHIRE,2020-11-14,46
GREATER_MANCHESTER,2020-11-09,46
GWYNEDD,2020-12-14,51
HAMPSHIRE,2020-09-30,40
HEREFORDSHIRE,2020-11-06,45
HERTFORDSHIRE,2020-11-06,45
HIGHLAND,2020-12-17,51
INVERCLYDE,2020-12-05,49
KENT,2020-09-20,39
LEICESTERSHIRE,2020-11-09,46
LINCOLNSHIRE,2020-11-20,47
MERSEYSIDE,2020-11-06,45
MERTHYR_TYDFIL,2020-12-31,53
NORTH_YORKSHIRE,2020-12-05,49
MIDLOTHIAN,2020-12-10,50
MONMOUTHSHIRE,2020-12-03,49
MORAY,2021-01-04,54
NEATH_PORT_TALBOT,2020-11-29,49
NEWPORT,2020-11-19,47
DOWN,2020-12-21,52
NORFOLK,2020-11-02,45
NORTH_AYRSHIRE,2020-12-05,49
NORTH_LANARKSHIRE,2020-11-11,46
NORTHAMPTONSHIRE,2020-10-21,43
NORTHUMBERLAND,2020-11-18,47
NOTTINGHAMSHIRE,2020-11-12,46
GREATER_LONDON,2020-09-21,39
OXFORDSHIRE,2020-11-14,46
PEMBROKESHIRE,2020-11-20,47
PERTHSHIRE_AND_KINROSS,2020-12-16,51
POWYS,2020-12-14,51
RENFREWSHIRE,2020-11-18,47
TYNE_AND_WEAR,2020-12-06,50
"RHONDDA,_CYNON,_TAFF",2020-12-12,50
SCOTTISH_BORDERS,2020-12-23,52
SHROPSHIRE,2020-12-14,51
SOMERSET,2020-11-14,46
SOUTH_AYRSHIRE,2020-12-12,50
SOUTH_LANARKSHIRE,2020-12-05,49
SOUTH_YORKSHIRE,2020-11-11,46
STAFFORDSHIRE,2020-10-26,44
ANGLESEY,2020-12-26,52
STIRLING,2020-12-17,51
SUFFOLK,2020-10-30,44
SURREY,2020-10-21,43
SWANSEA,2020-12-07,50
WILTSHIRE,2020-12-08,50
TORFAEN,2020-12-08,50
VALE_OF_GLAMORGAN,2020-11-19,47
WARWICKSHIRE,2020-11-26,48
WEST_DUNBARTONSHIRE,2020-11-13,46
WEST_LOTHIAN,2020-12-15,51
WEST_MIDLANDS,2020-11-13,46
WEST_YORKSHIRE,2020-11-14,46
WORCESTERSHIRE,2020-11-10,46
